{"cameraMode":{"drawMode":0,"name":"Shaded","section":"Shading Mode"},"sceneLighting":true,"audioPlay":false,"sceneViewState":{"showFog":true,"showMaterialUpdate":false,"showSkybox":true,"showFlares":true,"showImageEffects":true,"showParticleSystems":true},"in2DMode":false,"pivot":{"x":-0.7751778364181519,"y":-1.5133895874023438,"z":5.805224418640137},"rotation":{"x":-0.21633484959602357,"y":0.783702552318573,"z":-0.4128032922744751,"w":-0.41069117188453677},"size":9.434440612792969,"orthographic":false}